,Unnamed: 0,name,text
0,0,Akumaki,"['confect', 'akumaki', 'akumaki', 'あくまき', '灰汁巻き', 'style', 'confect', 'wagashi', 'made', 'kagoshima', 'miyazaki', 'kumamoto', 'prefectur', 'boy', 'festiv', 'may', 'call', 'wide', 'chimaki', 'japan', 'come', 'chines', 'zongzi', 'eaten', 'doubl', 'festiv', 'made', 'edit', 'skin', 'bamboo', 'soak', 'lye', 'overnight', 'use', 'wrap', 'glutin', 'rice', 'soak', 'way', 'slightli', 'bitter', 'typic', 'eaten', 'blend', 'sugar', 'toast', 'soybean', 'flour', 'kinako', 'littl', 'salt', 'soak', 'honey', 'unusu', 'flavor', 'consid', 'acquir', 'tast', 'said', 'akumaki', 'began', 'long', 'term', 'provis', 'samurai', 'battl', 'sekigahara', '1600', 'invas', 'korea', '1592', '1598', 'also', 'saigō', 'takamori', '1821', '1877', 'took', 'akumaki', 'nonperish', 'commod', 'battlefield', 'satsuma', 'rebellion', '1877', 'akumaki', 'becam', 'popular', 'north', 'miyazaki', 'prefectur', 'kumamoto', 'prefectur', 'due', 'rebellion', 'kept', 'one', 'week', 'normal', 'temperatur', 'two', 'week', 'refriger', 'also', 'frozen', 'vacuum', 'pack', 'akumaki', 'found', 'mani', 'place', 'souvenir', 'usual', 'homemad', 'confect', 'recent', 'sinc', 'open', 'kyushu', 'shinkansen', 'train', 'line', 'akumaki', 'attract', 'consider', 'attent', 'slow', 'food', 'akumaki', 'sold', 'hotel', 'kagoshima', 'roadsid', 'station', 'michi', 'eki', 'internet', 'supermarket', 'throughout', 'kagoshima', 'prefectur']"
1,1,Amanatto,"['tradit', 'confectioneri', 'amanattōpeanut', 'amanattōtypeconfectioneryplac', 'originjapanregion', 'stateeast', 'asiacr', 'byhosoda', 'yasubeimain', 'ingredientsadzuki', 'bean', 'sugar', 'sugar', 'syrup', 'amanattō', '甘納豆', 'tradit', 'confectioneri', 'made', 'azuki', 'bean', 'cover', 'refin', 'sugar', 'simmer', 'sugar', 'syrup', 'dri', 'develop', 'hosoda', 'yasubei', 'bunkyū', 'year', '1861', '1863', 'edo', 'period', 'open', 'wagashi', 'store', 'tokyo', 'name', 'childhood', 'name', 'eitaro', 'store', 'continu', 'oper', 'amanattō', 'origin', 'call', 'amananattō', '甘名納糖', 'name', 'abbrevi', 'amanattō', 'world', 'war', 'resembl', 'name', 'ferment', 'bean', 'dish', 'nattō', 'coincident', 'citat', 'need', 'hokkaidō', 'amanattō', 'use', 'cook', 'sekihan', 'reason', 'unlik', 'area', 'east', 'asia', 'sekihan', 'hokkaidō', 'littl', 'sweet', 'citat', 'need']"
2,2,Arare,"['cracker', 'ararehina', 'arar', 'varieti', 'araretyperic', 'crackerplac', 'originjapanmain', 'ingredientsglutin', 'rice', 'soy', 'saucevariationsol', 'hana', 'media', 'ararearar', 'あられ', 'name', 'graupel', 'snow', 'pellet', 'type', 'bite', 'size', 'cracker', 'made', 'glutin', 'rice', 'flavor', 'soy', 'sauc', 'size', 'shape', 'distinguish', 'arar', 'senbei', 'name', 'chosen', 'evok', 'hailston', 'smaller', 'arar', 'similar', 'size', 'shape', 'hailston', 'though', 'other', 'vari', 'significantli', 'size', 'flavor', 'shape', 'arar', 'also', 'call', 'kakimochi', 'mochi', 'crunch', 'hawaii', 'introduc', '1900', 'content', 'type', 'cultur', 'see', 'also', 'refer', 'type', 'edit', 'mani', 'differ', 'size', 'color', 'shape', 'arar', 'sweet', 'other', 'savori', 'one', 'call', 'norimaki', 'arar', 'nori', 'mean', 'edibl', 'seawe', 'form', 'dri', 'sheet', 'maki', 'mean', 'roll', 'shape', 'wrap', 'dri', 'nori', 'seawe', 'anoth', 'kaki', 'tane', '柿の種', 'take', 'name', 'resembl', 'persimmon', 'seed', 'kaki', 'persimmon', 'kaki', 'tane', 'often', 'sold', 'peanut', 'combin', 'call', 'kakipī', 'かきピー', 'popular', 'snack', 'accompani', 'beer', 'cultur', 'edit', 'typic', 'consum', 'arar', 'celebr', 'hinamatsuri', 'doll', 'festiv', 'held', 'march', 'arar', 'made', 'festiv', 'multicolor', 'shade', 'includ', 'pink', 'yellow', 'white', 'brown', 'light', 'green', 'regular', 'arar', 'bought', 'throughout', 'year', 'color', 'one', 'avail', 'around', 'januari', 'march', 'anticip', 'hinamatsuri', 'arar', 'brought', 'immigr', 'came', 'plantat', 'worker', 'earli', '1900', 'hawaii', 'snack', 'often', 'call', 'kakimochi', 'fri', 'rice', 'past', 'hawaii', 'popular', 'mix', 'arar', 'popcorn', 'peopl', 'mix', 'furikak', 'popular', 'hurrican', 'popcorn', 'includ', 'arar', 'furikak', 'popcorn']"
3,3,Beika,"['dri', 'confectioneri', 'made', 'rice', 'beikasenbei', 'rice', 'crackerstypehigashiplac', 'originjapanmain', 'ingredientsric', 'wheat', 'flour', 'barley', 'flour', 'variationssenbei', 'arar', 'kaki', 'tane', 'okaki', 'media', 'beika', 'beika', 'describ', 'higashi', 'dri', 'confectioneri', 'made', 'rice', 'major', 'type', 'includ', 'senbei', 'okaki', 'arar', 'kaki', 'tane', 'type', 'senbei', 'may', 'use', 'wheat', 'flour', 'barley', 'flour', 'instead', 'rice', 'flour', 'exampl', 'tansan', 'senbei', 'nanbu', 'senbei', 'kawara', 'senbei']"
4,4,Botamochi,"['confect', 'botamochitypeconfectioneri', 'rice', 'cakeplac', 'originjapanmain', 'ingredientsglutin', 'rice', 'rice', 'sweet', 'red', 'bean', 'pastevariationsohagi', 'media', 'botamochi', 'botamochi', 'ぼたもち', '牡丹餅', 'wagashi', 'confect', 'made', 'glutin', 'rice', 'regular', 'rice', 'ratio', 'glutin', 'rice', 'sweet', 'azuki', 'past', 'red', 'bean', 'past', 'made', 'soak', 'rice', 'approxim', 'hour', 'rice', 'cook', 'thick', 'azuki', 'past', 'hand', 'pack', 'around', 'pre', 'form', 'ball', 'rice', 'botamochi', 'eaten', 'sacr', 'food', 'offer', 'week', 'spring', 'autumn', 'higan', 'japan', 'anoth', 'name', 'kind', 'confect', 'ohagi', 'おはぎ', 'origin', 'definit', 'argument', 'peopl', 'say', 'use', 'slightli', 'differ', 'textur', 'azuki', 'past', 'otherwis', 'almost', 'ident', 'made', 'autumn', 'recip', 'variat', 'case', 'call', 'coat', 'soy', 'flour', 'appli', 'ohagi', 'azuki', 'past', 'botamochi', 'koshian', 'type', 'smooth', 'fine', 'grain', 'red', 'bean', 'past', 'type', 'two', 'differ', 'name', 'peopl', 'say', 'deriv', 'botan', 'peoni', 'bloom', 'spring', 'hagi', 'bush', 'clover', 'lespedeza', 'bloom', 'autumn', 'botamochi', 'modern', 'name', 'dish', 'kaimochi', 'かいもち', 'mention', 'heian', 'period', 'text', 'uji', 'shūi', 'monogatari', '宇治拾遺物語', 'citat', 'need', 'proverb', 'tana', 'kara', 'botamochi', '棚からぼたもち', 'liter', 'botamochi', 'fall', 'shelf', 'mean', 'receiv', 'windfal', 'lucki', 'break', 'term', 'also', 'use', 'specif', 'pattern', 'bizen', 'ware', 'two', 'three', 'five', 'round', 'mark', 'mark', 'small', 'ball', 'rice', 'cake', 'left', 'plate']"
5,5,Daifuku,"['confect', 'use', 'see', 'daifuku', 'disambigu', 'daifukualtern', 'namesdaifukumochi', 'kōhaku', 'type', 'place', 'originjapanregion', 'stateeast', 'asiamain', 'ingredientsglutin', 'rice', 'sweet', 'fill', 'usual', 'red', 'bean', 'past', 'variationsyomogi', 'daifuku', 'ichigo', 'daifuku', 'yukimi', 'daifuku', 'cookbook', 'daifuku', 'media', 'daifuku', 'daifukumochi', '大福餅', 'daifuku', 'liter', 'great', 'luck', 'wagashi', 'type', 'confect', 'consist', 'small', 'round', 'mochi', 'glutin', 'rice', 'cake', 'stuf', 'sweet', 'fill', 'commonli', 'anko', 'sweeten', 'red', 'bean', 'past', 'made', 'azuki', 'bean', 'daifuku', 'popular', 'wagashi', 'japan', 'often', 'serv', 'green', 'tea', 'daifuku', 'plain', 'type', 'daifuku', 'come', 'mani', 'varieti', 'common', 'white', 'pale', 'green', 'pale', 'pink', 'color', 'mochi', 'fill', 'anko', 'daifuku', 'approxim', 'diamet', 'nearli', 'daifuku', 'cover', 'fine', 'layer', 'rice', 'flour', 'rice', 'starch', 'corn', 'starch', 'potato', 'starch', 'keep', 'stick', 'finger', 'though', 'mochitsuki', 'tradit', 'method', 'make', 'mochi', 'daifuku', 'also', 'cook', 'microwav', 'content', 'histori', 'varieti', 'see', 'also', 'refer', 'extern', 'link', 'histori', 'edit', 'daifuku', 'origin', 'call', 'habutai', 'mochi', '腹太餅', 'belli', 'thick', 'rice', 'cake', 'fill', 'natur', 'later', 'name', 'chang', 'daifuku', 'mochi', '大腹餅', 'big', 'belli', 'rice', 'cake', 'sinc', 'pronunci', 'fuku', 'belli', 'fuku', 'luck', 'name', 'chang', 'daifuku', 'mochi', '大福餅', 'great', 'luck', 'rice', 'cake', 'bringer', 'good', 'luck', 'end', '18th', 'centuri', 'daifuku', 'gain', 'popular', 'peopl', 'began', 'eat', 'toast', 'also', 'use', 'gift', 'ceremoni', 'occas', 'varieti', 'edit', 'mame', 'daifuku', 'yomogi', 'daifuku', 'ichigo', 'daifuku', 'version', 'contain', 'whole', 'piec', 'fruit', 'mixtur', 'fruit', 'anko', 'crush', 'melon', 'past', 'cover', 'confection', 'sugar', 'cocoa', 'powder', 'citat', 'need', 'yomogi', 'daifuku', '蓬大福', 'version', 'made', 'kusa', 'mochi', 'mochi', 'flavor', 'mugwort', 'mame', 'daifuku', '豆大福', 'version', 'azuki', 'bean', 'soybean', 'mix', 'mochi', 'azuki', 'sweetfil', 'shio', 'daifuku', '塩大福', 'version', 'contain', 'unsweeten', 'anko', 'fill', 'mild', 'salti', 'tast', 'awa', 'daifuku', 'あわ大福', 'version', 'made', 'awa', 'mochi', 'mochi', 'mix', 'foxtail', 'millet', 'ichigo', 'daifuku', 'イチゴ大福', 'variat', 'contain', 'strawberri', 'sweet', 'fill', 'commonli', 'anko', 'insid', 'small', 'round', 'mochi', 'cream', 'sometim', 'use', 'sweet', 'fill', 'contain', 'strawberri', 'usual', 'eaten', 'springtim', 'invent', '1980', 'mani', 'patisseri', 'claim', 'invent', 'confect', 'exact', 'origin', 'vagu', 'ume', 'daifuku', '梅大福', 'version', 'contain', 'sweeten', 'apricot', 'instead', 'azuki', 'sweetfil', 'coffe', 'daifuku', 'コーヒー大福', 'version', 'contain', 'coffe', 'flavor', 'sweetfil', 'mont', 'blanc', 'daifuku', 'モンブラン大福', 'version', 'contain', 'puré', 'sweeten', 'chestnut', 'mont', 'blanc', 'cream', 'instead', 'azuki', 'sweetfil', 'purin', 'daifuku', 'プリン大福', 'version', 'contain', 'crème', 'caramel', 'プリン', 'instead', 'azuki', 'sweetfil', 'mochi', 'ice', 'cream', 'もちアイス', 'version', 'contain', 'ice', 'cream', 'instead', 'azuki', 'sweetfil']"
6,6,Dango,"['rice', 'flour', 'dumpl', 'use', 'see', 'dango', 'disambigu', 'dangomitarashi', 'dangotypesweet', 'dumplingplac', 'originjapanmain', 'ingredientsric', 'flour', 'media', 'dango', 'yaki', 'dango', 'prepar', 'dango', 'dumpl', 'made', 'rice', 'flour', 'mix', 'uruchi', 'rice', 'flour', 'glutin', 'rice', 'flour', 'differ', 'method', 'make', 'mochi', 'made', 'steam', 'glutin', 'rice', 'dango', 'usual', 'finish', 'round', 'shape', 'three', 'five', 'dango', 'often', 'serv', 'skewer', 'skewer', 'dango', 'piec', 'call', 'kushi', 'dango', '串団子', 'gener', 'dango', 'come', 'categori', 'wagashi', 'often', 'serv', 'green', 'tea', 'eaten', 'year', 'round', 'differ', 'varieti', 'tradit', 'eaten', 'given', 'season', 'content', 'type', 'popular', 'dango', 'variou', 'dango', 'deriv', 'term', 'vietnam', 'unicod', 'charact', 'see', 'also', 'refer', 'type', 'edit', 'mani', 'differ', 'varieti', 'dango', 'usual', 'name', 'variou', 'season', 'serv', 'popular', 'dango', 'edit', 'anko', 'dango', 'あんこ団子', 'commonli', 'cover', 'sweeten', 'red', 'bean', 'past', 'ingredi', 'azuki', 'use', 'rare', 'occas', 'top', 'anko', 'includ', 'zunda', 'ずんだ', 'made', 'edamam', 'past', 'kurumi', 'walnut', 'past', 'cha', 'dango', '茶団子', 'green', 'tea', 'matcha', 'flavor', 'dango', 'shoyu', 'dango', '醤油だんご', 'kind', 'bake', 'dango', 'yaki', 'dango', '焼き団子', 'season', 'soy', 'sauc', 'furthermor', 'one', 'wrap', 'nori', 'call', 'isob', 'dango', '磯辺団子', 'goma', 'dango', 'ごま団子', 'cover', 'sesam', 'past', 'sweet', 'salti', 'hanami', 'dango', '花見だんご', 'sanshoku', 'dango', '三色団子', 'eat', 'hanami', 'three', 'color', 'pink', 'green', 'white', 'tradit', 'made', 'sakura', 'view', 'season', 'henc', 'name', 'hanami', 'mean', 'flower', 'view', 'hana', 'mean', 'flower', 'mean', 'see', 'order', 'three', 'color', 'dumpl', 'said', 'repres', 'order', 'cherri', 'blossom', 'bloom', 'pink', 'repres', 'cherri', 'bud', 'white', 'repres', 'cherri', 'blossom', 'full', 'bloom', 'green', 'repres', 'leafi', 'cherri', 'blossom', 'fallen', 'kibi', 'dango', 'きび団子', 'made', 'millet', 'flour', 'varieti', 'promin', 'featur', 'tale', 'momotarō', 'folklor', 'hero', 'offer', 'round', 'ball', 'skewer', 'three', 'talk', 'anim', 'exchang', 'aid', 'fight', 'demon', 'kinako', 'dango', 'きなこ団子', 'made', 'toast', 'soy', 'flour', 'kusa', 'dango', 'yomogi', 'dango', '草団子', 'よもぎ団子', 'mix', 'leav', 'yomogi', 'like', 'kusa', 'mochi', 'often', 'cover', 'anko', 'mitarashi', 'みたらし団子', 'cover', 'syrup', 'made', 'shouyu', 'soy', 'sauc', 'sugar', 'starch', 'sasa', 'dango', '笹団子', 'produc', 'eaten', 'primarili', 'niigata', 'prefectur', 'sasa', 'dango', 'two', 'varieti', 'onna', 'dango', 'otoko', 'dango', 'onna', 'dango', 'liter', 'femal', 'dango', 'fill', 'anko', 'otoko', 'dango', 'liter', 'male', 'dango', 'fill', 'kinpira', 'dango', 'wrap', 'leav', 'sasa', 'purpos', 'preserv', 'shiratama', 'dango', '白玉だんご', 'eaten', 'anmitsu', 'mitsumam', 'tsukimi', 'dango', '月見だんご', 'white', 'dango', 'eat', 'tsukimi', 'tradit', 'made', 'autumn', 'full', 'moon', 'mid', 'autumn', 'festiv', 'variou', 'dango', 'edit', 'botchan', 'dango', '坊っちゃん団子', 'three', 'color', 'one', 'color', 'red', 'bean', 'second', 'egg', 'third', 'green', 'tea', 'botchan', 'dango', 'product', 'name', 'ehim', 'miyagegashi', 'name', 'natsum', 'sōseki', 'novel', 'botchan', 'chichi', 'dango', '乳団子', 'slightli', 'sweet', 'light', 'treat', 'usual', 'eaten', 'dessert', 'denpun', 'dango', 'でんぷん団子', 'hokkaido', 'made', 'potato', 'flour', 'bake', 'sweet', 'boil', 'bean', 'kuri', 'dango', '栗だんご', 'coat', 'chestnut', 'past', 'niku', 'dango', '肉団子', 'type', 'meatbal', 'chicken', 'niku', 'dango', 'call', 'tsukun', 'serv', 'skewer', 'hanami', 'dango', 'kusa', 'dango', 'anko', 'dango', 'goma', 'dango', 'chichi', 'dango', 'tsukimi', 'dango', 'deriv', 'term', 'edit', 'common', 'proverb', 'hana', 'yori', 'dango', '花より団子', 'liter', 'dango', 'rather', 'flower', 'refer', 'prefer', 'practic', 'thing', 'rather', 'aesthet', 'hairstyl', 'consist', 'dango', 'like', 'bun', 'either', 'side', 'head', 'sometim', 'known', 'odango', 'dorodango', 'art', 'form', 'earth', 'water', 'mold', 'creat', 'delic', 'shini', 'sphere', 'resembl', 'billiard', 'ball', 'vietnam', 'edit', 'bánh', 'hòn', 'specialti', 'dessert', 'phan', 'thiet', 'cake', 'made', 'tapioca', 'flour', 'coconut', 'roast', 'peanut', 'salt', 'sugar', 'finish', 'roll', 'shred', 'coconut', 'skewer', 'like', 'dango', 'unicod', 'charact', 'edit', 'unicod', 'emoji', 'charact', 'use', 'resembl', 'hanami', 'dango', 'charact', 'introduc', 'octob', '2010']"
7,7,Dorayaki,"['confect', 'dorayakialtern', 'namesmikasatypewagashi', 'pancakeplac', 'originjapanmain', 'ingredientscastella', 'red', 'bean', 'past', 'sweet', 'azuki', 'bean', 'past', 'media', 'dorayaki', 'insid', 'dorayaki', 'cross', 'section', 'dorayaki', 'どら焼き', 'どらやき', '銅鑼焼き', 'ドラ焼き', 'type', 'confect', 'consist', 'two', 'small', 'pancak', 'like', 'patti', 'made', 'castella', 'wrap', 'around', 'fill', 'sweet', 'azuki', 'bean', 'past', 'origin', 'dorayaki', 'consist', 'one', 'layer', 'current', 'shape', 'invent', '1914', 'usagiya', 'ueno', 'district', 'tokyo', 'dora', 'mean', 'gong', 'similar', 'shape', 'probabl', 'origin', 'name', 'sweet', 'legend', 'first', 'dorayaki', 'made', 'samurai', 'name', 'benkei', 'forgot', 'gong', 'dora', 'upon', 'leav', 'farmer', 'home', 'hide', 'farmer', 'subsequ', 'use', 'gong', 'fri', 'pancak', 'plush', 'doraemon', 'toy', 'dorayaki', 'favorit', 'univers', 'food', 'content', 'region', 'variat', 'popular', 'cultur', 'see', 'also', 'refer', 'extern', 'link', 'region', 'variat', 'edit', 'kansai', 'area', 'sweet', 'often', 'call', 'mikasa', 'word', 'origin', 'mean', 'tripl', 'straw', 'hat', 'also', 'altern', 'name', 'mount', 'wakakusa', 'low', 'hill', 'gentl', 'slope', 'locat', 'nara', 'nara', 'larger', 'mikasa', 'diamet', 'made', 'popular', 'cultur', 'edit', 'manga', 'anim', 'charact', 'doraemon', 'love', 'dorayaki', 'depict', 'favourit', 'food', 'english', 'dub', 'nobita', 'nobi', 'call', 'yummi', 'bun', 'altern', 'plot', 'devic', 'sever', 'time', 'throughout', 'seri', 'doraemon', 'addict', 'dorayaki', 'fall', 'trap', 'involv', 'sinc', '2000', 'compani', 'bunmeido', 'sell', 'limit', 'version', 'dorayaki', 'call', 'doraemon', 'dorayaki', 'everi', 'year', 'around', 'march', 'septemb', 'sinc', '2015', 'jfc', 'intern', 'produc', 'doraemon', 'dorayaki', 'north', 'american', 'market', '2015', 'filmmak', 'naomi', 'kawas', 'releas', 'film', 'sweet', 'bean', 'base', 'novel', 'durian', 'sukegawa', 'elderli', 'woman', 'secret', 'recip', 'truli', 'transcend', 'dorayaki', 'anko']"
8,8,Gionbo,"['gionbōtypewagashiplac', 'originjapanmain', 'ingredientsgyūhi', 'bean', 'jam', 'sugar', 'gionbō', '祇園坊', 'ぎおんぼう', 'wagashi', 'sweet', 'resembl', 'dri', 'persimmon', 'made', 'fill', 'gyūhi', 'soft', 'form', 'mochi', 'bean', 'jam', 'sprinkl', 'white', 'sugar', 'time', 'sugar', 'expens', 'rariti', 'dri', 'persimmon', 'made', 'dri', 'astring', 'persimmon', 'shibugaki', 'preciou', 'sweeten', 'commonli', 'use', 'mani', 'household', 'time', 'wagashi', 'made', 'showcas', 'fine', 'fruit', 'sinc', 'becom', 'one', 'familiar', 'wagashi', 'japan']"
9,9,Gyuhi,"['gyūhiorang', 'gyuhi', 'left', 'suama', 'right', 'typewagashiplac', 'originjapanmain', 'ingredientsglutin', 'rice', 'mochiko', 'gyūhi', 'form', 'wagashi', 'tradit', 'sweet', 'gyūhi', 'softer', 'varieti', 'mochi', 'made', 'either', 'glutin', 'rice', 'mochiko', 'glutin', 'rice', 'flour', 'gyūhi', 'delic', 'usual', 'less', 'frequent', 'made', 'serv', 'mochi', 'sometim', 'featur', 'sweet', 'origin', 'kyoto', 'area', 'tint', 'gyūhi', 'base', 'matsunoyuki', 'wagashi', 'resembl', 'pine', 'tree', 'dust', 'snow', 'gyūhi', 'also', 'use', 'ingredi', 'wagashi', 'nerikiri', 'made', 'blend', 'gyūhi', 'shiroan', 'white', 'bean', 'base', 'version', 'anko', 'nerikiri', 'often', 'tint', 'mold', 'way', 'similar', 'treatment', 'marzipan', 'western', 'dessert', 'hyōroku', 'mochi', 'edit', 'hyōroku', 'mochi', 'type', 'candi', 'made', 'sold', 'seika', 'food', 'kagoshima', 'made', 'gyūhi', 'cuisin', 'relat', 'articl', 'stub', 'help', 'wikipedia', 'expand', 'vte', 'confectioneri', 'relat', 'articl', 'stub', 'help', 'wikipedia', 'expand', 'vte']"
10,10,Hanabiramochi,"['hanabiramochitypewagashiplac', 'originjapanmain', 'ingredientsmochi', 'miso', 'gyūhi', 'burdock', 'hanabiramochi', 'sweet', 'wagashi', 'usual', 'eaten', 'begin', 'year', 'hanabiramochi', 'also', 'serv', 'first', 'tea', 'ceremoni', 'new', 'year', 'content', 'origin', 'form', 'signific', 'symbol', 'see', 'also', 'refer', 'origin', 'edit', 'name', 'hanabiramochi', 'liter', 'mean', 'flower', 'petal', 'mochi', 'origin', 'form', 'hanabiramochi', 'hishihanabira', 'dessert', 'eaten', 'imperi', 'famili', 'special', 'event', 'coincid', 'begin', 'year', 'hanabiramochi', 'first', 'made', 'meiji', 'era', 'septemb', '1868', 'juli', '1912', 'familiar', 'new', 'year', 'wagashi', 'form', 'edit', 'exact', 'shape', 'hanabiramochi', 'strictli', 'defin', 'tradit', 'white', 'mochi', 'cover', 'flat', 'round', 'fold', 'form', 'semicircular', 'shape', 'must', 'pink', 'color', 'show', 'center', 'confect', 'fade', 'white', 'edg', 'unlik', 'daifuku', 'mochi', 'must', 'complet', 'seal', 'insid', 'center', 'hanabiramochi', 'layer', 'anko', 'sweet', 'bean', 'past', 'commonli', 'white', 'kind', 'made', 'sweeten', 'mung', 'bean', 'center', 'thin', 'strip', 'sweetli', 'flavour', 'gobo', 'burdock', 'protrud', 'mochi', 'side', 'signific', 'symbol', 'edit', 'element', 'hanabiramochi', 'signific', 'red', 'colour', 'show', 'white', 'mochi', 'appropri', 'celebr', 'new', 'year', 'also', 'evok', 'apricot', 'plum', 'ume', 'blossom', 'turn', 'repres', 'puriti', 'persever', 'renew', 'associ', 'new', 'year', 'gobo', 'repres', 'press', 'ayu', 'fish', 'exclus', 'east', 'asia', 'prayer', 'long', 'life']"
11,11,Higashi,"['type', 'wagashi', 'higashitypewagashiplac', 'originjapanmain', 'ingredientsusu', 'rice', 'flourvariationsgoshikiitō', 'bainiku', 'hakka', 'nikkei', 'shōga', 'yuzu', 'hakusansekkei', 'hanakazura', 'mugirakushizuka', 'nininsuzuka', 'rakugan', 'shigur', 'matsu', 'suiko', 'cookbook', 'higashi', 'media', 'higashi', 'higashi', '干菓子', '乾菓子', 'lit', 'dri', 'confectioneri', 'type', 'wagashi', 'contain', 'littl', 'moistur', 'thu', 'keep', 'rel', 'longer', 'kind', 'wagashi', 'overview', 'edit', 'higashi', 'contrast', 'namagashi', 'categori', 'wagashi', 'type', 'dri', 'consist', 'includ', 'rakugan', 'konpeitō', 'type', 'hard', 'candi', 'senbei', 'type', 'rice', 'cracker', 'arar', 'anoth', 'type', 'rice', 'cracker', 'though', 'rice', 'cracker', 'typic', 'savouri', 'thu', 'consid', 'wagashi', 'sweet', 'higashi', 'roughli', 'equival', 'western', 'cooki', 'biscuit', 'narrow', 'definit', 'higashi', 'may', 'confin', 'recip', 'one', 'kind', 'sugar', 'particular', 'sort', 'flour', 'addit', 'higashi', 'made', 'sole', 'sugar', 'flour', 'content', 'flour', 'use', 'higashi', 'usual', 'made', 'rice', 'mani', 'differ', 'varieti', 'flour', 'made', 'ingredi', 'like', 'azuki', 'soybean', 'green', 'pea', 'starch', 'often', 'use', 'higashi', 'made', 'wasanbon', 'premium', 'tradit', 'made', 'fine', 'grain', 'sugar', 'commonli', 'regard', 'finest', 'higashi', 'common', 'well', 'known', 'higashi', 'rakugan', 'definit', 'word', 'clarif', 'need', 'somewhat', 'vagu', 'sometim', 'suitabl', 'certain', 'type', 'wagashi', 'word', 'higashi', 'would', 'better', 'case', 'higashi', 'often', 'serv', 'tea', 'ceremoni', 'list', 'higashi', 'edit', 'goshikiitō', '五色糖', 'five', 'flavor', 'bainiku', 'pickl', 'plum', 'hakka', 'mint', 'nikkei', 'cinnamon', 'shōga', 'ginger', 'yuzu', 'citron', 'distinct', 'shape', 'hakusansekkei', '白山雪渓', 'hanakazura', '花かずら', 'mugirakushizuka', '麦らく静', 'nininsuzuka', '二人静', 'rakugan', 'shigur', 'matsu', '時雨の松', 'suiko', 'aka', 'pinkish', 'red', 'shiro', 'white', 'avail']"
12,12,Hishi,"['diamond', 'shape', 'mochi', 'consist', 'three', 'layer', 'hishi', 'mochitypewagashiplac', 'originjapanmain', 'ingredientsmochi', 'fruit', 'gardenia', 'jasminoid', 'water', 'caltrop', 'gnaphalium', 'affinehishi', 'mochi', 'ひしもち', 'symbol', 'sweet', 'associ', 'hinamatsuri', 'girl', 'day', 'festiv', 'coincid', 'calendar', 'date', 'xiuxi', 'sweet', 'diamond', 'shape', 'typic', 'form', 'three', 'layer', 'red', 'pink', 'white', 'green', 'mochi', 'top', 'bottom', 'depend', 'region', 'yellow', 'may', 'substitut', 'red', 'sweet', 'may', 'layer', 'instead', 'usual', 'present', 'hina', 'doll', 'shape', 'believ', 'origin', 'edo', 'period', 'represent', 'fertil', 'color', 'edit', 'red', 'mochi', 'deriv', 'fruit', 'gardenia', 'jasminoid', '山梔子', 'symbol', 'peach', 'flower', 'white', 'made', 'water', 'caltrop', 'hishi', 'repres', 'snow', 'cleans', 'effect', 'final', 'green', 'gnaphalium', 'affin', 'ハハコグサ', 'mugwort', 'like', 'kusa', 'mochi', 'believ', 'restor', 'improv', 'blood']"
13,13,Imagawayaki,"['taiwanes', 'dessert', 'imagawayakicoursesnackplac', 'originjapanregion', 'statejapan', 'taiwan', 'south', 'koreaserv', 'temperaturehotmain', 'ingredientsbatt', 'sweet', 'azuki', 'bean', 'past', 'media', 'imagawayaki', 'imagawayaki', '今川焼き', 'dessert', 'often', 'found', 'festiv', 'well', 'outsid', 'japan', 'countri', 'taiwan', 'south', 'korea', 'made', 'batter', 'special', 'pan', 'similar', 'waffl', 'iron', 'without', 'honeycomb', 'pattern', 'fill', 'sweet', 'azuki', 'bean', 'past', 'although', 'becom', 'increasingli', 'popular', 'use', 'wider', 'varieti', 'fill', 'vanilla', 'custard', 'differ', 'fruit', 'custard', 'preserv', 'curri', 'differ', 'meat', 'veget', 'fill', 'potato', 'mayonnais', 'imagawayaki', 'similar', 'dorayaki', 'latter', 'two', 'separ', 'pancak', 'sandwich', 'around', 'fill', 'cook', 'often', 'serv', 'cold', 'imagawayaki', 'first', 'sold', 'near', 'kanda', 'imagawabashi', 'bridg', 'era', '1772', '1781', 'edo', 'period', '1603', '1867', 'name', 'imagawayaki', 'origin', 'time', 'content', 'variou', 'name', 'store', 'compani', 'histor', 'inact', 'taiwan', 'south', 'korea', 'malaysia', 'philippin', 'see', 'also', 'refer', 'extern', 'link', 'variou', 'name', 'edit', 'imagawayaki', 'gozasōrō', 'prepar', 'store', 'sannomiya', 'kobe', 'japan', 'imagawayaki', 'known', 'variou', 'name', 'throughout', 'differ', 'era', 'name', 'also', 'vari', 'region', 'varieti', 'sold', 'certain', 'store', 'name', 'ōban', 'yaki', '大判焼き', 'kansai', 'region', 'kaiten', 'yaki', '回転焼き', 'kaiten', 'manjū', '回転饅頭', 'kansai', 'kyūshū', 'region', 'nijū', 'yaki', '二重焼き', 'koban', 'yaki', '小判焼き', 'gishi', 'yaki', '義士焼き', 'tomo', 'yaki', '巴焼き', 'taiko', 'yaki', '太鼓焼き', 'taiko', 'manjū', '太鼓饅頭', 'bunka', 'yaki', '文化焼き', 'taishō', 'yaki', '大正焼き', 'jiyū', 'yaki', '自由焼き', 'fūfu', 'manjū', '夫婦饅頭', 'man', 'フーマン', 'oyaki', 'おやき', 'aomori', 'prefectur', 'hokkaidō', 'differ', 'oyaki', 'nagano', 'prefectur', 'store', 'compani', 'edit', 'gozasōrō', '御座候', 'product', 'name', 'imagawayaki', 'produc', 'gozasōrō', 'inc', 'establish', '1950', 'himeji', 'mean', 'thank', 'purchas', 'archaic', 'style', 'higiri', 'yaki', 'ひぎりやき', 'product', 'name', 'imagawayakiproduc', 'sawai', 'honpo', 'inc', 'ehim', 'origin', 'higiri', 'jizō', 'near', 'matsuyama', 'station', 'jiman', 'yaki', '自慢焼き', 'product', 'name', 'imagawayaki', 'use', 'fuji', 'ice', 'shop', 'nagano', 'histor', 'inact', 'edit', 'fukkō', 'yaki', '復興焼き', 'reviv', 'yaki', 'song', 'occas', 'reviv', 'great', 'kantō', 'earthquak', '1923', 'mention', 'imagawayaki', 'renam', 'fukkōyaki', 'taiwan', 'edit', 'imagawayaki', 'introduc', 'taiwan', 'period', 'rule', 'taiwan', 'tradit', 'snack', 'taiwan', 'commonli', 'call', 'red', 'bean', 'azuki', 'cake', 'chines', '紅豆餅', 'pinyin', 'hóngdòu', 'bǐng', 'howev', 'older', 'gener', 'may', 'directli', 'use', 'term', 'taiko', 'manjū', '太鼓饅頭', 'greater', 'taipei', 'area', 'also', 'refer', 'wheel', 'cake', 'chines', '車輪餅', 'pinyin', 'chēlún', 'bǐng', 'south', 'korea', 'edit', 'imagawayaki', 'known', '오방떡', 'obang', 'tteok', '홍두병', '紅豆餅', 'hongdu', 'byeong', 'south', 'korea', 'malaysia', 'edit', 'imagawayaki', 'known', 'tokiwado', 'malaysia', 'philippin', 'edit', 'filipino', 'counterpart', 'local', 'known', 'cake', 'similar', 'imagawayaki', 'smaller', 'serv', 'size', 'usual', 'fill', 'chees', 'slice', 'inexpens', 'snack', 'commonli', 'found', 'sold', 'special', 'tricycl', 'cart', 'built', 'custom', 'made', 'circular', 'cook', 'mold', 'fill', 'also', 'avail', 'sweet', 'strawberri', 'chocol', 'savori', 'ham', 'chees', 'fill']"
14,14,Karinto,"['karintōtypesnack', 'foodplac', 'originjapanmain', 'ingredientsflour', 'yeast', 'brown', 'sugar', 'media', 'karintō', 'karintō', '花林糖', 'karintō', 'ateji', 'tradit', 'snack', 'food', 'sweet', 'deep', 'fri', 'made', 'primarili', 'flour', 'yeast', 'brown', 'sugar', 'deep', 'brown', 'pit', 'appear', 'take', 'form', 'bite', 'size', 'pillow', 'short', 'cylind', 'although', 'tradit', 'karintō', 'coat', 'brown', 'sugar', 'recent', 'variat', 'appear', 'market', 'white', 'sugar', 'sesam', 'seed', 'miso', 'peanut', 'popular', 'cultur', 'edit', 'apollo', 'justic', 'ace', 'attorney', 'phoenix', 'wright', 'ace', 'attorney', 'spirit', 'justic', 'polic', 'detect', 'forens', 'scientist', 'ema', 'skye', 'constantli', 'eat', 'karintō', 'duti', 'snack', 'local', 'chocol', 'flavor', 'snackoo', 'danganronpa', 'goodby', 'despair', 'karintō', 'state', 'one', 'fuyuhiko', 'kuzuryuu', 'favourit', 'food', 'gosick', 'kujo', 'give', 'karintō', 'victoriqu', 'comment', 'look', 'like', 'dog', 'fece', 'lycori', 'recoil', 'karintō', 'stapl', 'food', 'dorm', 'histori', 'edit', 'karintō', 'root', 'unclear', 'primari', 'origin', 'theori', 'either', 'around', 'nara', 'period', 'deriv', 'portugues', 'snack', 'later', 'period', 'either', 'case', 'avail', 'street', 'merchant', 'sinc', 'least', 'tenpō', 'era', 'roughli', '1830', '1841', 'cuisin', 'relat', 'articl', 'stub', 'help', 'wikipedia', 'expand', 'vte']"
15,15,Konpeito,"['sugar', 'candi', 'konpeitōkonpeitō', 'variou', 'colorstypeconfectioneryplac', 'originportugalmain', 'ingredientssugar', 'water', 'media', 'konpeitō', 'konpeitō', '金平糖', 'こんぺいとう', 'also', 'spell', 'kompeitō', 'type', 'sugar', 'candi', 'take', 'form', 'small', 'sphere', 'bumpi', 'surfac', 'come', 'varieti', 'color', 'flavor', 'content', 'etymolog', 'histori', 'product', 'use', 'popular', 'cultur', 'see', 'also', 'refer', 'etymolog', 'edit', 'word', 'konpeitō', 'come', 'portugues', 'word', 'confeito', 'comfit', 'type', 'sugar', 'candi', 'charact', '金平糖', 'lit', 'golden', 'flat', 'sugar', 'ateji', 'select', 'mostli', 'phonet', 'valu', 'also', 'written', '金米糖', '金餅糖', 'histori', 'edit', 'techniqu', 'produc', 'sugar', 'candi', 'introduc', 'japan', 'earli', '16th', 'centuri', 'portugues', 'trader', 'infrastructur', 'refin', 'technolog', 'sugar', 'yet', 'establish', 'japan', 'konpeitō', 'use', 'lot', 'sugar', 'rare', 'expens', 'result', '1569', 'luí', 'frói', 'portugues', 'missionari', 'present', 'glass', 'flask', 'konpeitō', 'oda', 'nobunaga', 'order', 'obtain', 'permit', 'mission', 'work', 'christian', 'meiji', 'period', 'konpeitō', 'alreadi', 'cultur', 'prescrib', 'one', 'standard', 'sweet', 'charact', 'sugar', 'plum', 'fairi', 'nutcrack', 'translat', 'konpeitō', 'sei', '金平糖の精', 'fairi', 'konpeitō', 'product', 'edit', 'konpeitō', 'usual', 'diamet', 'produc', 'repeatedli', 'coat', 'sugar', 'syrup', 'core', 'consist', 'grain', 'coars', 'sugar', 'origin', 'core', 'poppi', 'seed', 'process', 'somewhat', 'similar', 'dragé', 'process', 'except', 'candi', 'produc', 'ladl', 'sugar', 'syrup', 'rotat', 'slowli', 'larg', 'heat', 'gong', 'shape', 'tub', 'dora', 'grain', 'core', 'sugar', 'grow', 'cours', 'sever', 'day', 'continu', 'rotat', 'heat', 'applic', 'syrup', 'becom', 'ball', 'cover', 'tini', 'bulg', 'usual', 'take', 'day', 'make', 'konpeitō', 'still', 'craft', 'artisan', 'today', 'use', 'edit', 'konpeitō', 'ministri', 'defens', 'emerg', 'food', 'ration', 'tin', 'japan', 'ground', 'self', 'defens', 'forc', 'combat', 'ration', 'tin', 'contain', 'konpeito', 'candi', 'addit', 'hard', 'tack', 'bread', 'biscuit', 'food', 'item', 'candi', 'aid', 'calori', 'content', 'necessari', 'activ', 'also', 'help', 'promot', 'creation', 'saliva', 'make', 'easier', 'eat', 'dri', 'bread', 'accord', 'ministri', 'defens', 'specif', 'white', 'emerg', 'ration', 'bag', 'contain', '150g', 'small', 'dri', 'bread', 'white', 'red', 'yellow', 'green', 'standard', 'amount', '15g', 'put', 'bag', 'thought', 'provid', 'color', 'enjoy', 'konpeito', 'also', 'reduc', 'stress', 'would', 'experienc', 'time', 'disast', 'konpeito', 'often', 'use', 'celebr', 'marriag', 'childbirth', 'elabor', 'candi', 'box', 'call', 'bonbonnier', 'ボンボニエール', 'french', 'bonbonnièr', 'mean', 'candi', 'box', 'given', 'gift', 'prayer', 'shrine', 'templ', 'practic', 'give', 'bonbonnier', 'date', 'back', 'commemor', 'ceremoni', 'meiji', 'constitut', '1889', 'sinc', 'thought', 'symbol', 'good', 'luck', 'imperi', 'famili', 'use', 'onshino', 'konpeitō', 'offici', 'welcom', 'gift', 'continu', '130', 'year', 'popular', 'cultur', 'edit', 'star', 'bit', 'super', 'mario', 'galaxi', 'sequel', 'gratitud', 'crystal', 'star', 'fragment', 'legend', 'zelda', 'seri', 'star', 'fragment', 'anim', 'cross', 'well', 'minior', 'max', 'reviv', 'lesser', 'extent', 'reviv', 'cosmog', 'star', 'candi', 'pokémon', 'seri', 'exp', 'star', 'jelli', 'cooki', 'run', 'kingdom', 'base', 'candi', 'citat', 'need', 'susuwatari', 'studio', 'ghibli', 'film', 'spirit', 'away', 'also', 'shown', 'eat', 'konpeitō', 'super', 'mario', 'rpg', 'also', 'featur', 'attack', 'item', 'local', 'rock', 'candi', 'candi', 'also', 'featur', 'episod', 'children', 'anim', 'hamtaro', 'refer', 'diamond', 'sugar', 'english', 'dub']"
16,16,Kuzumochi,"['dish', 'kuzumochitypecakeplac', 'originjapanserv', 'temperaturecoldmain', 'ingredientsmochi', 'kuzuko', 'tokyo', 'style', 'kuzumochi', '久寿餅', 'kuzumochi', '久寿餅', 'term', 'refer', 'either', 'mochi', 'cake', 'made', 'kuzuko', 'mochi', 'cake', 'made', 'lactobacillal', 'ferment', 'wheat', 'starch', '久寿餅', 'special', 'dish', 'local', 'certain', 'ward', 'tokyo', 'serv', 'chill', 'top', 'kuromitsu', 'kinako', 'add', 'water', 'sugar', 'kuzu', 'powder', 'cook', 'slow', 'flame', 'stir', 'continu', 'till', 'thicken', 'becom', 'transpar', 'also', 'becom', 'elast', 'touch', 'transpar', 'appear', 'give', 'cool', 'impress', 'often', 'eaten', 'especi', 'summer']"
17,17,Manju,"['use', 'see', 'manju', 'manjūtypewagashiplac', 'originjapanregion', 'stateeast', 'asiamain', 'ingredientsflour', 'rice', 'powder', 'buckwheat', 'red', 'bean', 'past', 'media', 'manjū', 'manjū', 'まんじゅう', 'tradit', 'confect', 'mani', 'varieti', 'manjū', 'outsid', 'made', 'flour', 'rice', 'powder', 'kudzu', 'buckwheat', 'fill', 'anko', 'red', 'bean', 'past', 'usual', 'made', 'boil', 'adzuki', 'bean', 'sugar', 'manjū', 'sometim', 'made', 'fill', 'chestnut', 'jam', 'hawaii', 'one', 'find', 'okinawan', 'manjū', 'made', 'fill', 'purpl', 'sweet', 'potato', 'butter', 'milk', 'sugar', 'salt', 'common', 'fill', 'bean', 'past', 'sever', 'varieti', 'includ', 'koshian', 'tsubuan', 'tsubushian', 'content', 'histori', 'varieti', 'see', 'also', 'refer', 'extern', 'link', 'histori', 'edit', 'manju', 'tradit', 'flour', 'base', 'pastri', 'instead', 'rice', 'base', 'like', 'mochi', 'origin', 'china', 'name', 'mantou', 'chines', 'becam', 'known', 'manjū', 'came', 'japan', '1341', 'envoy', 'came', 'back', 'china', 'brought', 'back', 'mantou', 'start', 'sell', 'nara', 'manjū', 'said', 'origin', 'manjū', 'sinc', 'eaten', 'nearli', '700', 'year', 'peopl', 'found', 'mani', 'sweet', 'shop', 'low', 'price', 'reason', 'popular', 'varieti', 'edit', 'mizu', 'manjū', '水饅頭', 'usukawa', 'manjū', '薄皮饅頭', 'myriad', 'varieti', 'manjū', 'common', 'other', 'matcha', 'green', 'tea', 'manjū', 'one', 'common', 'case', 'outsid', 'manjū', 'green', 'tea', 'flavor', 'color', 'green', 'mizu', 'water', 'manjū', 'tradit', 'eaten', 'summertim', 'contain', 'flavor', 'bean', 'fill', 'exterior', 'mizu', 'manjū', 'made', 'kuzu', 'starch', 'give', 'dough', 'transluc', 'jelli', 'like', 'appear', 'also', 'manjū', 'differ', 'flavor', 'fill', 'orang', 'flavor', 'cream', 'case', 'mani', 'food', 'part', 'japan', 'one', 'find', 'manjū', 'uniqu', 'region', 'mapl', 'leaf', 'shape', 'momiji', 'manjū', 'hiroshima', 'miyajima', 'region', 'varieti', 'saitama', 'prefectur', 'call', 'jumangoku', 'manjū']"
18,18,Mizuame,"['starch', 'base', 'sweeten', 'mizuametypesweetenerplac', 'originjapanmain', 'ingredientsglutin', 'rice', 'malt', 'potato', 'media', 'mizuam', 'mizuam', 'liter', 'water', 'candi', 'also', 'known', 'millet', 'jelli', 'sweeten', 'japan', 'clear', 'thick', 'sticki', 'liquid', 'made', 'convert', 'starch', 'sugar', 'mizuam', 'wagashi', 'give', 'sheen', 'eaten', 'way', 'similar', 'honey', 'main', 'ingredi', 'sweet', 'mizuam', 'produc', 'similar', 'fashion', 'corn', 'syrup', 'similar', 'tast', 'two', 'method', 'use', 'convert', 'starch', 'sugar', 'tradit', 'method', 'take', 'glutin', 'rice', 'mix', 'malt', 'let', 'natur', 'enzymat', 'process', 'take', 'place', 'convert', 'starch', 'syrup', 'consist', 'mainli', 'maltos', 'second', 'common', 'method', 'acid', 'hydrolysi', 'potato', 'starch', 'sweet', 'potato', 'starch', 'acid', 'hydrochlor', 'sulfur', 'nitric', 'acid', 'make', 'glucos', 'syrup', 'done', 'first', 'method', 'final', 'product', 'known', 'mugi', 'mizuam', '麦水飴', 'consid', 'flavor', 'acid', 'version']"
19,19,Monaka,"['confect', 'monakatypewagashiplac', 'originjapanmain', 'ingredientsmochi', 'azuki', 'bean', 'past', 'media', 'monaka', 'monaka', 'sweet', 'made', 'azuki', 'bean', 'past', 'sandwich', 'two', 'thin', 'crisp', 'wafer', 'made', 'mochi', 'wafer', 'shape', 'squar', 'triangl', 'may', 'shape', 'like', 'cherri', 'blossom', 'chrysanthemum', 'azuki', 'bean', 'past', 'fill', 'monaka', 'contain', 'sesam', 'seed', 'chestnut', 'rice', 'cake', 'mochi', 'modern', 'monaka', 'ice', 'cream', 'fill', 'instead', 'azuki', 'bean', 'past', 'choco', 'monaka', 'jumbo', 'ice', 'cream', 'product', 'made', 'ice', 'cream', 'chocol', 'fill', 'insid', 'tradit', 'mochi', 'wafer', 'creat', '1972', 'produc', 'morinaga', 'monaka', 'type', 'dessert', 'wagashi', 'serv', 'tea', 'still', 'mani', 'famou', 'monaka', 'specialti', 'store', 'japan']"
20,20,Namagashi,"['type', 'wagashi', 'namagashinamagashi', 'yokohama', 'japan', 'typewagashiplac', 'originjapanmain', 'ingredientsfruit', 'jelli', 'sweeten', 'bean', 'past', 'food', 'energi', 'per', 'serv', 'han', 'namagashi', 'half', 'cook', 'less', 'moist', 'kcal', 'namagashi', '生菓子', 'type', 'wagashi', 'gener', 'term', 'tradit', 'sweet', 'candi', 'namagashi', 'may', 'contain', 'fruit', 'jelli', 'gelatin', 'kanten', 'sweeten', 'bean', 'past', 'namagashi', 'detail', 'design', 'use', 'season', 'natur', 'motif', 'leav', 'flower', 'reflect', 'variou', 'object', 'natur', 'japan', 'four', 'season', 'namagashi', 'usual', 'freshli', 'made', 'much', 'moist', 'wagashi', 'like', 'higashi', 'gener', 'contain', 'water', 'type', 'like', 'wagashi', 'namagashi', 'made', 'natur', 'ingredi', 'addit', 'rare', 'use', 'namagashi', 'gener', 'serv', 'tea', 'tradit', 'eaten', 'new', 'year', 'good', 'luck']"
21,21,Sakuramochi,"['confect', 'sakuramochisakuramochi', 'kanto', 'style', 'place', 'originjapanmain', 'ingredientssweet', 'pink', 'color', 'rice', 'cake', 'red', 'bean', 'past', 'pickl', 'cherri', 'blossom', 'leafoth', 'informationtradit', 'consum', 'hinamatsuri', 'hanami', 'media', 'sakuramochi', 'kansai', 'style', 'sakuramochi', 'sakuramochi', 'variat', 'kansai', 'style', 'sakuramochi', 'confect', 'wagashi', 'consist', 'sweet', 'pink', 'color', 'rice', 'cake', 'mochi', 'red', 'bean', 'past', 'anko', 'center', 'wrap', 'pickl', 'cherri', 'blossom', 'sakura', 'leaf', 'differ', 'region', 'japan', 'differ', 'style', 'sakuramochi', 'kanto', 'style', 'use', 'shiratama', '白玉粉', 'rice', 'flour', 'make', 'rice', 'cake', 'kansai', 'style', 'use', 'dōmyōji', '道明寺粉', 'glutin', 'rice', 'flour', 'sweet', 'tradit', 'eaten', 'spring', 'season', 'especi', 'girl', 'day', 'hinamatsuri', 'march', 'flower', 'view', 'parti', 'hanami', 'interior', 'sakuramochi', 'show', 'red', 'bean', 'past', 'insid', 'leaf', 'may', 'may', 'eaten', 'depend', 'individu', 'prefer', 'type', 'sakuramochi', 'edit', 'sakuramochi', 'differ', 'shape', 'recip', 'depend', 'area', 'made', 'kanto', 'style', 'sakuramochi', 'sakuramochi', 'made', 'kanto', 'area', 'outsid', 'kanto', 'area', 'kanto', 'style', 'sakuramochi', 'also', 'known', 'chōmeiji', 'mochi', '長命寺餅', 'name', 'templ', 'near', 'shop', 'first', 'sold', 'sweet', 'kanto', 'style', 'sakuramochi', 'often', 'sold', 'togeth', 'kansai', 'style', 'sakuramochi', 'supermarket', 'kansai', 'style', 'sakuramochi', 'sakuramochi', 'made', 'kansai', 'area', 'also', 'known', 'dōmyōji', 'mochi', '道明寺餅', 'simpli', 'dōmyō', '道明寺', 'anoth', 'templ', 'invent', 'flour', 'use', 'kanto', 'style', 'sakuramochi', 'avail', 'kanto', 'area', 'sakuramochi', 'common', 'term', 'refer', 'wide', 'avail', 'kansai', 'style', 'mochi']"
22,22,Senbei,"['rice', 'cracker', 'charact', 'slump', 'anim', 'see', 'senbei', 'norimaki', 'charact', 'goddess', 'anim', 'see', 'senbei', 'goddess', 'senbeistandard', 'senbei', 'cross', 'section', 'viewaltern', 'namessembeityperic', 'crackerplac', 'originjapanregion', 'stateeast', 'asiamain', 'ingredientsjapanes', 'rice', 'uruchimai', 'media', 'senbei', 'senbei', 'altern', 'spell', 'sembei', 'type', 'rice', 'cracker', 'come', 'variou', 'shape', 'size', 'flavor', 'usual', 'savori', 'sometim', 'sweet', 'senbei', 'often', 'eaten', 'green', 'tea', 'casual', 'snack', 'offer', 'visit', 'hous', 'guest', 'courtesi', 'refresh', 'sever', 'type', 'tradit', 'senbei', 'bake', 'deep', 'fri', 'sometim', 'sweeten', 'asid', 'rice', 'wheat', 'flour', 'starch', 'use', 'varieti', 'even', 'use', 'food', 'grain', 'sakana', 'senbei', 'fish', 'senbei', 'renkon', 'senbei', 'lotu', 'root', 'senbei', 'hone', 'senbei', 'bone', 'senbei', 'senbei', 'sever', 'variat', 'includ', 'nori', 'wrap', 'arar', 'oliv', 'hana', 'soy', 'nut', 'wet', 'thin', 'rice', 'cracker', '薄焼きせんべい', 'usuyaki', 'senbei', 'popular', 'australia', 'countri', 'china', 'charact', 'use', 'write', 'senbei', 'read', 'jiānbǐng', 'jiānbǐng', 'term', 'instead', 'refer', 'crepe', 'similar', 'prepar', 'okonomiyaki', 'among', 'food', 'japan', 'senbei', 'hard', 'crispi', 'bite', 'size', 'snack', 'rather', 'street', 'food', 'meal', 'howev', 'cracker', 'similar', 'senbei', 'found', 'china', 'today', 'modern', 'chines', 'name', 'xiānbèi', 'reflect', 'languag', 'pronunci', 'senbei', 'content', 'prepar', 'histori', 'type', 'see', 'also', 'refer', 'prepar', 'edit', 'senbei', 'grill', 'senbei', 'made', 'glutin', 'rice', 'steam', 'minut', 'pound', 'dough', 'sever', 'day', 'refriger', 'dough', 'cut', 'shape', 'senbei', 'usual', 'cook', 'bake', 'grill', 'tradit', 'charcoal', 'prepar', 'may', 'brush', 'flavor', 'sauc', 'often', 'one', 'made', 'soy', 'sauc', 'mirin', 'may', 'wrap', 'layer', 'nori', 'altern', 'may', 'flavor', 'salt', 'salad', 'flavor', 'among', 'other', 'histori', 'edit', 'sweet', 'senbei', '甘味煎餅', 'came', 'japan', 'tang', 'dynasti', 'first', 'record', 'usag', '737', 'still', 'similar', 'tang', 'tradit', 'style', 'origin', 'often', 'bake', 'kansai', 'area', 'includ', 'tradit', 'roof', 'tile', 'senbei', 'includ', 'ingredi', 'like', 'potato', 'wheat', 'flour', 'glutin', 'rice', 'similar', 'castella', 'cake', 'distinctli', 'differ', 'peopl', 'would', 'consid', 'senbei', 'today', 'though', 'tradit', 'senbei', 'still', 'found', 'iga', 'meibutsu', 'katayaki', 'iga', 'citi', 'commonli', 'refer', 'senbei', 'nowaday', 'popular', 'teahous', 'sōka', 'citi', 'edo', 'period', 'spread', 'salti', 'soy', 'sauc', 'flavor', 'senbei', 'throughout', 'japan', 'modern', 'senbei', 'version', 'invent', 'may', 'includ', 'flavor', 'rang', 'kimchi', 'wasabi', 'curri', 'chocol', 'kansai', 'senbei', 'tend', 'use', 'glutin', 'rice', 'lightli', 'season', 'delic', 'textur', 'saku', 'saku', 'kantō', 'senbei', 'origin', 'base', 'uruchimai', 'non', 'glutin', 'rice', 'tend', 'crunchi', 'kari', 'kari', 'richli', 'flavor', 'type', 'edit', 'age', 'senbei', 'fri', 'senbei', 'atsuyaki', 'senbei', 'thick', 'senbei', 'kometsubu', 'senbei', 'grain', 'rice', 'senbei', 'nori', 'senbei', 'seawe', 'senbei', 'nure', 'senbei', 'wet', 'senbei', 'satou', 'senbei', 'sugar', 'senbei', 'salad', 'senbei', 'salad', 'flavor', 'senbei', 'usuyaki', 'senbei', 'thin', 'senbei', 'zaram', 'senbei', 'granul', 'suger', 'senbei']"
23,23,Taiyaki,"['fish', 'shape', 'cake', 'confus', 'teriyaki', 'takoyaki', 'taiyakitwo', 'taiyaki', 'coursesnackplac', 'origin', 'japanregion', 'statejapanes', 'speak', 'areasmain', 'ingredientsbatt', 'sweeten', 'adzuki', 'bean', 'cookbook', 'taiyaki', 'media', 'taiyaki', 'taiyaki', '鯛焼き', 'lit', 'bake', 'sea', 'bream', 'fish', 'shape', 'cake', 'commonli', 'sold', 'street', 'food', 'imit', 'shape', 'tai', 'red', 'sea', 'bream', 'name', 'common', 'fill', 'red', 'bean', 'past', 'made', 'sweeten', 'adzuki', 'bean', 'common', 'fill', 'may', 'custard', 'chocol', 'chees', 'sweet', 'potato', 'shop', 'even', 'sell', 'taiyaki', 'okonomiyaki', 'gyoza', 'fill', 'sausag', 'insid', 'smaller', 'differ', 'shape', 'version', 'call', 'kingyoyaki', '金魚焼き', 'lit', 'bake', 'goldfish', 'also', 'avail', 'often', 'sold', 'bag', 'five', 'ten', 'taiyaki', 'similar', 'imagawayaki', 'thick', 'round', 'cake', 'also', 'fill', 'sweet', 'adzuki', 'bean', 'past', 'custard', 'content', 'ingredi', 'histori', 'galleri', 'see', 'also', 'refer', 'ingredi', 'edit', 'taiyaki', 'made', 'griddl', 'fish', 'shape', 'mold', 'taiyaki', 'made', 'use', 'regular', 'pancak', 'waffl', 'batter', 'batter', 'pour', 'fish', 'shape', 'mold', 'side', 'fill', 'put', 'one', 'side', 'mold', 'close', 'cook', 'side', 'golden', 'brown', 'histori', 'edit', 'storefront', 'naniwaya', 'sōhonten', '浪花家総本店', 'taiyaki', 'invent', 'taiyaki', 'first', 'sold', 'japan', '1909', 'essenti', 'reshap', 'form', 'imagawayaki', 'alreadi', 'popular', 'snack', 'made', 'wrap', 'bean', 'past', 'flour', 'skin', 'seijirō', 'kobe', 'founder', 'store', 'naniwaya', 'sōhonten', '浪花家総本店', 'troubl', 'sell', 'imagawayaki', 'decid', 'bake', 'cake', 'fish', 'shape', 'resembl', 'tai', 'red', 'sea', 'bream', 'tai', 'consid', 'symbol', 'luck', 'fortun', 'japan', 'expens', 'fish', 'afford', 'higher', 'class', 'special', 'occas', 'masamori', 'kobe', 'fourth', 'owner', 'store', 'state', 'seijirō', 'want', 'give', 'ordinari', 'peopl', 'tast', 'expens', 'fish', 'low', 'price', 'sinc', 'creation', 'taiyaki', 'evolv', 'mani', 'variat', 'differ', 'ingredi', 'use', 'fill', 'batter', 'well', 'variat', 'shape', 'size', 'taiyaki', 'introduc', 'korea', 'coloni', 'period', 'known', 'bungeo', 'ppang', 'postwar', 'period', 'taiyaki', 'spread', 'asian', 'countri', 'well', 'unit', 'state', 'galleri', 'edit', 'taiyaki', 'made', 'standard', 'taiyaki', 'cut', 'taiyaki', 'show', 'adzuki', 'bean', 'fill', 'taiyaki', 'sweet', 'potato', 'fill', 'squar', 'taiyaki', 'uncut', 'edg', 'sold', 'ueno', 'round', 'taiyaki', 'form', 'coil', 'fish', 'sold', 'gunma', 'mini', 'taiyaki', 'mini', 'taiyaki', 'pineappl', 'fill', 'sold', 'hawaii', 'train', 'shape', 'taiyaki', 'sold', 'outsid', 'narimasu', 'station', 'taiyaki', 'use', 'ice', 'cream', 'holder', 'sold', 'taipei', 'taiyaki', 'red', 'bean', 'matcha', 'swirl', 'ice', 'cream', 'mochi', 'wafer', 'cooki', 'taiyaki', 'fill', 'matcha', 'ice', 'cream']"
24,24,Tokoroten,"['tokorotentypewagashiplac', 'originjapanmain', 'ingredientsseawe', 'tengusa', 'ogonori', 'media', 'tokoroten', 'tokoroten', 'ところてん', 'dish', 'cuisin', 'made', 'agarophyt', 'tokoroten', 'eaten', 'thousand', 'year', 'tokoroten', 'thought', 'introduc', 'japan', 'china', 'nara', 'period', 'tokoroten', 'tradit', 'made', 'boil', 'tengusa', 'gelidium', 'amansii', 'allow', 'mixtur', 'congeal', 'jelli', 'tokoroten', 'popular', 'snack', 'summertim', 'edo', 'tokyo', 'edo', 'period', 'origin', 'made', 'eaten', 'immedi', 'commonli', 'sold', 'around', 'factori', '17th', 'centuri', 'discov', 'freez', 'tokoroten', 'would', 'result', 'stabl', 'dri', 'product', 'known', 'kanten', 'agar', 'tokoroten', 'made', 'kanten', 'base', 'seawe', 'tengusa', 'gelidiacea', 'ogonori', 'gracilaria', 'today', 'commerci', 'produc', 'kanten', 'mostli', 'made', 'ogonori', 'press', 'devic', 'jelli', 'shape', 'noodl', 'unlik', 'gelatin', 'dessert', 'tokoroten', 'firmer', 'textur', 'tokoroten', 'eaten', 'hot', 'solut', 'cold', 'gel', 'flavor', 'garnish', 'vari', 'region', 'region', 'today', 'common', 'eat', 'tokoroten', 'mixtur', 'vinegar', 'soy', 'sauc', 'sometim', 'nori', 'hot', 'pepper', 'sesam', 'kansai', 'region', 'tokoroten', 'eaten', 'dessert', 'kuromitsu', 'citat', 'edit', 'mouritsen', '2013', 'shimamura', '2010', 'armisen', 'galata', '1987', 'ito', 'hori', '1989', 'stephen', '1995', 'ところてん', '関西ではなぜ黒蜜', 'tokoroten', 'eaten', 'kuromitsu', 'kansai', 'nikkei', '2014', 'retriev', '2017']"
25,25,Uiro,"['steam', 'cake', 'uirōuirō', 'sakura', 'left', 'ryokucha', 'centr', 'shiro', 'right', 'typecakeplac', 'originjapanmain', 'ingredientsric', 'flour', 'sugar', 'media', 'uirō', 'uirō', 'ういろう', 'also', 'known', 'uirō', 'mochi', '外郎餠', 'tradit', 'steam', 'cake', 'made', 'glutin', 'rice', 'flour', 'sugar', 'chewi', 'similar', 'mochi', 'subtli', 'sweet', 'flavor', 'includ', 'azuki', 'bean', 'past', 'green', 'tea', 'matcha', 'yuzu', 'strawberri', 'chestnut', 'nagoya', 'particularli', 'famou', 'uirō', 'region', 'version', 'notabl', 'yamaguchi', 'odawara', 'although', 'odawara', 'uirō', 'better', 'known', 'medicin', 'purchas', 'tradit', 'confectioneri', 'shop', 'throughout', 'japan', 'uirō', 'origin', 'name', 'medicin', 'muromachi', 'period', '1336', '1573', 'refer', 'uirō', 'confect', 'first', 'appear', 'kan', 'sansai', 'zue', 'ryōan', 'terajima', 'massiv', 'edo', 'period', 'dictionari', 'publish', '1712']"
26,26,Warabimochi,"['warabimochitypewagashicoursesnack', 'dessertplac', 'originjapanmain', 'ingredientsbracken', 'starch', 'kinakovariationssesam', 'media', 'warabimochi', 'warabimochi', 'warabi', 'mochi', 'wagashi', 'confect', 'made', 'warabiko', 'bracken', 'starch', 'cover', 'dip', 'kinako', 'sweet', 'toast', 'soybean', 'flour', 'differ', 'true', 'mochi', 'made', 'glutin', 'rice', 'popular', 'summertim', 'especi', 'kansai', 'region', 'okinawa', 'often', 'sold', 'truck', 'similar', 'ice', 'cream', 'truck', 'western', 'countri', 'warabimochi', 'one', 'favorit', 'treat', 'emperor', 'daigo', 'today', 'warabimochi', 'frequent', 'made', 'katakuriko', 'potato', 'starch', 'instead', 'bracken', 'starch', 'due', 'cost', 'avail', 'kuromitsu', 'syrup', 'sometim', 'pour', 'top', 'serv', 'sweeten', 'kurumi', 'mochi', 'walnut', 'warabimochi', 'sold', 'supermarket']"
27,27,Wasanbon,"['wasanbontypesugarplac', 'originjapanregion', 'state', 'tokushima', 'prefectur', 'kagawa', 'prefectur', 'shikoku', 'main', 'ingredientssugarcan', 'plant', 'taketō', 'chikusha', 'wasanbon', '和三盆', 'fine', 'grain', 'sugar', 'tradit', 'made', 'shikoku', 'prefectur', 'tokushima', 'kagawa', 'center', 'town', 'kamiita', 'cho', 'donari', 'cho', 'tokushima', 'made', 'sinc', '1770', 'sugar', 'often', 'use', 'sweet', 'wagashi', 'sugar', 'made', 'thin', 'sugarcan', 'plant', 'saccharum', 'sinens', 'grown', 'local', 'shikoku', 'call', 'taketō', 'chikusha', 'local', 'known', 'hosokiki', 'content', 'use', 'product', 'refer', 'read', 'use', 'edit', 'light', 'golden', 'colour', 'granul', 'slightli', 'larger', 'ice', 'sugar', 'uniqu', 'aroma', 'flavour', 'butter', 'honey', 'overton', 'wasanbon', 'use', 'make', 'sweet', 'yōkan', 'coffe', 'tea', 'sweeten', 'dip', 'sauc', 'sushi', 'restaur', 'bake', 'home', 'grade', 'sugar', 'call', 'awa', 'wasanbon', 'toh', 'consid', 'peopl', 'highest', 'grade', 'product', 'edit', 'tradit', 'manufactur', 'process', 'wasanbon', 'involv', 'stage', 'take', 'roughli', 'day', 'whole', 'sugarcan', 'harvest', 'decemb', 'februari', 'harvest', 'late', 'year', 'purpos', 'allow', 'sugar', 'content', 'cane', 'develop', 'maximum', 'varieti', 'sugarcan', 'use', 'produc', 'less', 'sugar', 'varieti', 'use', 'elsewher', 'world', 'cane', 'press', 'machin', 'extract', 'juic', 'juic', 'goe', 'tank', 'crush', 'cane', 'use', 'cattl', 'fodder', 'fertil', 'juic', 'brought', 'boil', 'boil', 'minut', 'produc', 'green', 'foam', 'remov', 'contain', 'bitter', 'green', 'lye', 'end', 'process', 'juic', 'light', 'yellow', 'colour', 'allow', 'stand', 'allow', 'sediment', 'settl', 'bottom', 'clarifi', 'juic', 'drain', 'boil', 'condens', 'cool', 'juic', 'develop', 'light', 'brown', 'colour', 'allow', 'stand', 'one', 'week', 'time', 'mostli', 'solidifi', 'crystallin', 'mass', 'solid', 'wrap', 'cloth', 'squeez', 'press', 'tub', 'day', 'press', 'liquid', 'solidifi', 'piec', 'piec', 'wash', 'knead', 'water', 'time', 'refin', 'sugar', 'make', 'whiter', 'piec', 'dri', 'quickli', 'sugar', 'ferment', 'crush', 'siev', 'fine', 'sugar']"
28,28,Yatsuhashi,"['confect', 'musician', 'see', 'yatsuhashi', 'kengyo', 'yatsuhashiraw', 'cinnamon', 'flavour', 'yatsuhashitypewagashi', 'miyagegashi', 'place', 'originjapanregion', 'statekyotomain', 'ingredientsglutin', 'rice', 'flour', 'sugar', 'cinnamon', 'media', 'yatsuhashi', 'assort', 'nama', 'yatsuhashi', 'flavor', 'top', 'bottom', 'tofu', 'cinnamon', 'sesam', 'yatsuhashi', '八ツ橋', 'confect', 'sold', 'mainli', 'souvenir', 'snack', 'miyagegashi', 'one', 'best', 'known', 'meibutsu', 'famou', 'region', 'product', 'kyoto', 'made', 'glutin', 'rice', 'flour', '上新粉', 'jōshinko', 'sugar', 'cinnamon', 'bake', 'similar', 'senbei', 'shape', 'hard', 'cracker', 'resembl', 'harp', 'koto', 'bamboo', 'stalk', 'cut', 'lengthway', 'raw', 'unbak', 'yatsuhashi', 'nama', 'yatsuhashi', 'soft', 'mochi', 'like', 'textur', 'often', 'eaten', 'wrap', 'around', 'red', 'bean', 'past', 'unbak', 'yatsuhashi', 'nama', 'yatsuhashi', 'cut', 'squar', 'shape', 'roll', 'thin', 'fold', 'half', 'diagon', 'make', 'triangl', 'shape', 'red', 'bean', 'past', 'insid', 'unbak', 'yatsuhashi', 'may', 'also', 'come', 'varieti', 'differ', 'flavour', 'popular', 'flavour', 'includ', 'cinnamon', 'matcha', 'yatsutashi', 'also', 'roll', 'rectangular', 'shape', 'steam']"
29,29,Yokan,"['type', 'wagashi', 'song', 'see', 'dir', 'grey', 'yōkantypewagashiplac', 'originjapanmain', 'ingredientsagar', 'sugar', 'red', 'bean', 'past', 'white', 'kidney', 'bean', 'past', 'media', 'yōkan', 'cube', 'green', 'tea', 'yōkan', 'yōkan', 'wagashi', 'confect', 'made', 'red', 'bean', 'past', 'agar', 'sugar', 'usual', 'sold', 'block', 'form', 'eaten', 'slice', 'two', 'main', 'type', 'neri', 'yōkan', 'mizu', 'yōkan', 'mizu', 'mean', 'water', 'indic', 'made', 'water', 'usual', 'mizu', 'yōkan', 'often', 'chill', 'eaten', 'summer', 'content', 'type', 'histori', 'see', 'also', 'refer', 'type', 'edit', 'although', 'yōkan', 'found', 'japan', 'abroad', 'typic', 'made', 'red', 'bean', 'past', 'yōkan', 'made', 'white', 'kidney', 'bean', 'past', 'しろあん', 'shiro', 'also', 'rel', 'common', 'type', 'yōkan', 'milki', 'transluc', 'much', 'milder', 'flavour', 'made', 'red', 'bean', 'past', 'effect', 'flavour', 'colour', 'use', 'green', 'tea', 'powder', 'yōkan', 'may', 'also', 'contain', 'chop', 'chestnut', 'persimmon', 'whole', 'sweeten', 'azuki', 'bean', 'fig', 'sweet', 'potato', 'imo', 'yōkan', 'among', 'addit', 'sugar', 'also', 'replac', 'honey', 'dark', 'brown', 'sugar', 'molass', 'alter', 'tast', 'yōkan', 'produc', 'also', 'shio', 'yōkan', 'use', 'small', 'amount', 'salt', 'histori', 'edit', 'origin', 'chines', 'jelli', 'gelatin', 'deriv', 'boil', 'sheep', 'term', 'yōkan', 'liter', 'mean', 'sheep', 'geng', 'sheep', 'thick', 'soup', 'introduc', 'japan', 'zen', 'buddhist', 'kamakura', 'muromachi', 'period', 'around', '1191', 'buddhism', 'forbid', 'kill', 'replac', 'anim', 'gelatin', 'wheat', 'flour', 'azuki', 'bean', 'agar', 'came', 'use', 'discov', 'around', '1658', 'japan', 'variat', 'becam', 'basi', 'modern', 'yōkan', 'one', 'popular', 'sweet', 'evolv', 'edo', 'period', 'sugar', 'becam', 'avail', 'store', 'long', 'period', 'time', 'without', 'refriger', 'unless', 'open', 'stapl', 'gift', 'item']"
30,30,Yubeshi,"['yubeshitypewagashiplac', 'originjapanmain', 'ingredientssticki', 'rice', 'rice', 'flour', 'sugar', 'soy', 'sauc', 'walnut', 'citru', 'usual', 'yuzu', 'yubeshi', 'ゆべし', 'type', 'wagashi', 'confect', 'sever', 'flavor', 'shape', 'variat', 'commonli', 'walnut', 'citru', 'usual', 'yuzu', 'round', 'squar', 'yubeshi', 'base', 'sticki', 'rice', 'rice', 'flour', 'sugar', 'soy', 'sauc', 'process', 'product', 'labor', 'intens', 'circl', 'cut', 'top', 'yuzu', 'set', 'asid', 'wooden', 'spatula', 'remov', 'fruit', 'scrape', 'away', 'white', 'pith', 'yuzu', 'leav', 'zest', 'fruit', 'stuf', 'fill', 'rang', 'plain', 'mochiko', 'flour', 'tradit', 'blend', 'mochiko', 'shōyu', 'spice', 'reserv', 'top', 'fruit', 'place', 'back', 'cap', 'whole', 'thing', 'steam', 'repeatedli', 'fruit', 'shini', 'brown', 'mochi', 'fulli', 'gelatin', 'longer', 'product', 'store', 'harder', 'textur', 'becom', 'rind', 'fill', 'edibl', 'yubeshi', 'serv', 'mani', 'way', 'whether', 'slice', 'thin', 'top', 'rice', 'dish', 'salad', 'soften', 'warm', 'soup', 'dish']"
